[
    {
      "image": "demo/images/10095.png",
      "conversations": [
        {
          "from": "human",
          "value": "Is the value of Favorable 38 in 2015?\n<image>"
        },
        {
          "from": "gpt",
          "value": "Yes"
        }
      ]
    },
    {
      "image": "demo/images/10095.png",
      "conversations": [
        {
          "from": "human",
          "value": "How many values are below 40 in Unfavorable graph?\n<image>"
        },
        {
          "from": "gpt",
          "value": "6"
        }
      ]
    },
    {
      "image": "demo/images/10149.png",
      "conversations": [
        {
          "from": "human",
          "value": "In which year the value was 51?\n<image>"
        },
        {
          "from": "gpt",
          "value": "2014"
        }
      ]
    },
]