[
    {
        "video": "v_7bUu05RIksU.mp4",
        "conversations": [
        {
            "from": "human",
            "value": "<video>\nCan you give me an overview of the video content?"
        },
        {
            "from": "gpt",
            "value": "The video showcases a group of men washing cars in a parking lot using various tools and techniques, such as pressure washing hoses, hand towels, and brushes. There are also text displays of special offers and business details throughout the video. The men work on different cars, including a white car and a black SUV."
        }
        ]
    },
    {
        "video": "v_TpB_zMG3XBA.mp4",
        "conversations": [
        {
            "from": "human",
            "value": "<video>\nCan you describe what the woman is doing on the lake?"
        },
        {
            "from": "gpt",
            "value": "The woman is pulled forward in the lake and then begins to glide on the water using a surfboard. She sways left and right while sliding, and then slowly squats down, leaving the surfboard and falling into the water and floating on the surface."
        }
        ]
    },
    {
        "video": "v_rBMQFpHspmo.mp4",
        "conversations": [
        {
            "from": "human",
            "value": "<video>\nWhat is the main activity happening in the video?"
        },
        {
            "from": "gpt",
            "value": "The main activity in the video is a boy attempting to pole vault over a bar in an indoor field while being watched by several people."
        }
        ]
    }
]  